linear,time_decay,first_touch,pos_based,last_touch,shapley,markov
0.183426,0.183426,0.183426,0.183426,0.183426,0.183426,0.179976
0.739621,0.739621,0.739621,0.739621,0.739621,0.739621,0.745899
0.076952,0.076952,0.076952,0.076952,0.076952,0.076952,0.074125
,,0.0,,0.0,0.0,0.0
,,0.0,,0.0,0.0,0.0
,,0.0,,0.0,0.0,0.0
,,0.0,,0.0,0.0,0.0
